fund_name,portfolio_method,latest_rebalance_date,holding_rank,ticker,holding_asset_class,target_weight
Combined Equal Weight,Equal Weight,2023-12-01,1,ABBV,equity,0.0166666666666666
Combined Equal Weight,Equal Weight,2023-12-01,2,ABT,equity,0.0166666666666666
Combined Equal Weight,Equal Weight,2023-12-01,3,ADA-USD,cryptocurrency,0.0166666666666666
Combined Equal Weight,Equal Weight,2023-12-01,4,ADBE,equity,0.0166666666666666
Combined Equal Weight,Equal Weight,2023-12-01,5,AEP,equity,0.0166666666666666
Combined Equal Weight,Equal Weight,2023-12-01,6,AMD,equity,0.0166666666666666
Combined Equal Weight,Equal Weight,2023-12-01,7,AMGN,equity,0.0166666666666666
Combined Equal Weight,Equal Weight,2023-12-01,8,AMT,equity,0.0166666666666666
Combined Equal Weight,Equal Weight,2023-12-01,9,BA,equity,0.0166666666666666
Combined Equal Weight,Equal Weight,2023-12-01,10,BCH-USD,cryptocurrency,0.0166666666666666
Combined Equal Weight,Equal Weight,2023-12-01,11,BTC-USD,cryptocurrency,0.0166666666666666
Combined Equal Weight,Equal Weight,2023-12-01,12,CAT,equity,0.0166666666666666
Combined Equal Weight,Equal Weight,2023-12-01,13,CCI,equity,0.0166666666666666
Combined Equal Weight,Equal Weight,2023-12-01,14,CMCSA,equity,0.0166666666666666
Combined Equal Weight,Equal Weight,2023-12-01,15,COP,equity,0.0166666666666666
Combined Equal Weight,Equal Weight,2023-12-01,16,CVX,equity,0.0166666666666666
Combined Equal Weight,Equal Weight,2023-12-01,17,D,equity,0.0166666666666666
Combined Equal Weight,Equal Weight,2023-12-01,18,DD,equity,0.0166666666666666
Combined Equal Weight,Equal Weight,2023-12-01,19,DIS,equity,0.0166666666666666
Combined Equal Weight,Equal Weight,2023-12-01,20,DOW,equity,0.0166666666666666
Combined Equal Weight,Equal Weight,2023-12-01,21,DUK,equity,0.0166666666666666
Combined Equal Weight,Equal Weight,2023-12-01,22,EA,equity,0.0166666666666666
Combined Equal Weight,Equal Weight,2023-12-01,23,EOS-USD,cryptocurrency,0.0166666666666666
Combined Equal Weight,Equal Weight,2023-12-01,24,ETC-USD,cryptocurrency,0.0166666666666666
Combined Equal Weight,Equal Weight,2023-12-01,25,ETH-USD,cryptocurrency,0.0166666666666666
Combined Equal Weight,Equal Weight,2023-12-01,26,GE,equity,0.0166666666666666
Combined Equal Weight,Equal Weight,2023-12-01,27,GILD,equity,0.0166666666666666
Combined Equal Weight,Equal Weight,2023-12-01,28,GS,equity,0.0166666666666666
Combined Equal Weight,Equal Weight,2023-12-01,29,INTC,equity,0.0166666666666666
Combined Equal Weight,Equal Weight,2023-12-01,30,KO,equity,0.0166666666666666
Combined Equal Weight,Equal Weight,2023-12-01,31,LTC-USD,cryptocurrency,0.0166666666666666
Combined Equal Weight,Equal Weight,2023-12-01,32,MMM,equity,0.0166666666666666
Combined Equal Weight,Equal Weight,2023-12-01,33,MRK,equity,0.0166666666666666
Combined Equal Weight,Equal Weight,2023-12-01,34,MS,equity,0.0166666666666666
Combined Equal Weight,Equal Weight,2023-12-01,35,NEE,equity,0.0166666666666666
Combined Equal Weight,Equal Weight,2023-12-01,36,NEM,equity,0.0166666666666666
Combined Equal Weight,Equal Weight,2023-12-01,37,NKE,equity,0.0166666666666666
Combined Equal Weight,Equal Weight,2023-12-01,38,NUE,equity,0.0166666666666666
Combined Equal Weight,Equal Weight,2023-12-01,39,NVDA,equity,0.0166666666666666
Combined Equal Weight,Equal Weight,2023-12-01,40,O,equity,0.0166666666666666
Combined Equal Weight,Equal Weight,2023-12-01,41,OXY,equity,0.0166666666666666
Combined Equal Weight,Equal Weight,2023-12-01,42,PLD,equity,0.0166666666666666
Combined Equal Weight,Equal Weight,2023-12-01,43,PSA,equity,0.0166666666666666
Combined Equal Weight,Equal Weight,2023-12-01,44,QCOM,equity,0.0166666666666666
Combined Equal Weight,Equal Weight,2023-12-01,45,SBUX,equity,0.0166666666666666
Combined Equal Weight,Equal Weight,2023-12-01,46,SHW,equity,0.0166666666666666
Combined Equal Weight,Equal Weight,2023-12-01,47,SLB,equity,0.0166666666666666
Combined Equal Weight,Equal Weight,2023-12-01,48,SO,equity,0.0166666666666666
Combined Equal Weight,Equal Weight,2023-12-01,49,T,equity,0.0166666666666666
Combined Equal Weight,Equal Weight,2023-12-01,50,TMUS,equity,0.0166666666666666
Combined Equal Weight,Equal Weight,2023-12-01,51,TRX-USD,cryptocurrency,0.0166666666666666
Combined Equal Weight,Equal Weight,2023-12-01,52,TTWO,equity,0.0166666666666666
Combined Equal Weight,Equal Weight,2023-12-01,53,UPS,equity,0.0166666666666666
Combined Equal Weight,Equal Weight,2023-12-01,54,USB,equity,0.0166666666666666
Combined Equal Weight,Equal Weight,2023-12-01,55,V,equity,0.0166666666666666
Combined Equal Weight,Equal Weight,2023-12-01,56,WFC,equity,0.0166666666666666
Combined Equal Weight,Equal Weight,2023-12-01,57,WMT,equity,0.0166666666666666
Combined Equal Weight,Equal Weight,2023-12-01,58,XLM-USD,cryptocurrency,0.0166666666666666
Combined Equal Weight,Equal Weight,2023-12-01,59,XOM,equity,0.0166666666666666
Combined Equal Weight,Equal Weight,2023-12-01,60,XRP-USD,cryptocurrency,0.0166666666666666
Combined Minimum Variance,Minimum Variance,2023-12-01,1,KO,equity,0.1795443564778089
Combined Minimum Variance,Minimum Variance,2023-12-01,2,WMT,equity,0.1660885649625861
Combined Minimum Variance,Minimum Variance,2023-12-01,3,MRK,equity,0.0997992439422222
Combined Minimum Variance,Minimum Variance,2023-12-01,4,ABBV,equity,0.0867707575124715
Combined Minimum Variance,Minimum Variance,2023-12-01,5,O,equity,0.0796621890232527
Combined Minimum Variance,Minimum Variance,2023-12-01,6,V,equity,0.0746554470454623
Combined Minimum Variance,Minimum Variance,2023-12-01,7,TMUS,equity,0.0658891985062954
Combined Minimum Variance,Minimum Variance,2023-12-01,8,EA,equity,0.0413442797804298
Combined Minimum Variance,Minimum Variance,2023-12-01,9,T,equity,0.0334758279090133
Combined Minimum Variance,Minimum Variance,2023-12-01,10,CVX,equity,0.0296867303793212
Combined Minimum Variance,Minimum Variance,2023-12-01,11,OXY,equity,0.0239233496671643
Combined Minimum Variance,Minimum Variance,2023-12-01,12,ABT,equity,0.0208309563487183
Combined Minimum Variance,Minimum Variance,2023-12-01,13,GE,equity,0.0144462081620311
Combined Minimum Variance,Minimum Variance,2023-12-01,14,AMGN,equity,0.013039371574593
Combined Minimum Variance,Minimum Variance,2023-12-01,15,TRX-USD,cryptocurrency,0.0126274169302621
Combined Minimum Variance,Minimum Variance,2023-12-01,16,BTC-USD,cryptocurrency,0.012347109190404
Combined Minimum Variance,Minimum Variance,2023-12-01,17,NVDA,equity,0.0107917691435662
Combined Minimum Variance,Minimum Variance,2023-12-01,18,DUK,equity,0.0101346891921253
Combined Minimum Variance,Minimum Variance,2023-12-01,19,NEM,equity,0.008794475986273
Combined Minimum Variance,Minimum Variance,2023-12-01,20,AMD,equity,0.0079028381327836
Combined Minimum Variance,Minimum Variance,2023-12-01,21,DD,equity,0.0055928094934247
Combined Minimum Variance,Minimum Variance,2023-12-01,22,INTC,equity,0.0026524106397903
Combined Risk Parity,Risk Parity,2023-12-01,1,MRK,equity,0.0379042288884801
Combined Risk Parity,Risk Parity,2023-12-01,2,ABBV,equity,0.0372515686313653
Combined Risk Parity,Risk Parity,2023-12-01,3,WMT,equity,0.0336657198284941
Combined Risk Parity,Risk Parity,2023-12-01,4,KO,equity,0.0319587115012692
Combined Risk Parity,Risk Parity,2023-12-01,5,TMUS,equity,0.0316066127455304
Combined Risk Parity,Risk Parity,2023-12-01,6,AMGN,equity,0.0251882340873937
Combined Risk Parity,Risk Parity,2023-12-01,7,GILD,equity,0.0237720315294337
Combined Risk Parity,Risk Parity,2023-12-01,8,DUK,equity,0.0235414365280418
Combined Risk Parity,Risk Parity,2023-12-01,9,ABT,equity,0.0228903985685097
Combined Risk Parity,Risk Parity,2023-12-01,10,T,equity,0.0221441332703519
Combined Risk Parity,Risk Parity,2023-12-01,11,SO,equity,0.0216928218948672
Combined Risk Parity,Risk Parity,2023-12-01,12,EA,equity,0.0214483736248104
Combined Risk Parity,Risk Parity,2023-12-01,13,O,equity,0.0210634759467892
Combined Risk Parity,Risk Parity,2023-12-01,14,V,equity,0.0209902576779149
Combined Risk Parity,Risk Parity,2023-12-01,15,AEP,equity,0.0198500696358338
Combined Risk Parity,Risk Parity,2023-12-01,16,CVX,equity,0.0191612592185948
Combined Risk Parity,Risk Parity,2023-12-01,17,XOM,equity,0.0187763936792596
Combined Risk Parity,Risk Parity,2023-12-01,18,D,equity,0.0182872094717973
Combined Risk Parity,Risk Parity,2023-12-01,19,PSA,equity,0.0179754106244391
Combined Risk Parity,Risk Parity,2023-12-01,20,NEM,equity,0.0177434843100244
Combined Risk Parity,Risk Parity,2023-12-01,21,GE,equity,0.0173609471177932
Combined Risk Parity,Risk Parity,2023-12-01,22,NEE,equity,0.0171614380502771
Combined Risk Parity,Risk Parity,2023-12-01,23,CMCSA,equity,0.0167898479158258
Combined Risk Parity,Risk Parity,2023-12-01,24,SBUX,equity,0.0163347006103223
Combined Risk Parity,Risk Parity,2023-12-01,25,OXY,equity,0.0162084818888121
Combined Risk Parity,Risk Parity,2023-12-01,26,COP,equity,0.0154875501062189
Combined Risk Parity,Risk Parity,2023-12-01,27,DOW,equity,0.0152925025434271
Combined Risk Parity,Risk Parity,2023-12-01,28,UPS,equity,0.0151970199588096
Combined Risk Parity,Risk Parity,2023-12-01,29,GS,equity,0.0151621129286424
Combined Risk Parity,Risk Parity,2023-12-01,30,TTWO,equity,0.014951921511602
Combined Risk Parity,Risk Parity,2023-12-01,31,SHW,equity,0.0148108152736006
Combined Risk Parity,Risk Parity,2023-12-01,32,DD,equity,0.0145338488734385
Combined Risk Parity,Risk Parity,2023-12-01,33,CCI,equity,0.0143675730892994
Combined Risk Parity,Risk Parity,2023-12-01,34,WFC,equity,0.0141993634752572
Combined Risk Parity,Risk Parity,2023-12-01,35,AMT,equity,0.0141889711041236
Combined Risk Parity,Risk Parity,2023-12-01,36,BA,equity,0.0140779889258522
Combined Risk Parity,Risk Parity,2023-12-01,37,SLB,equity,0.0140756559161649
Combined Risk Parity,Risk Parity,2023-12-01,38,CAT,equity,0.0140409148412859
Combined Risk Parity,Risk Parity,2023-12-01,39,DIS,equity,0.0137256710063909
Combined Risk Parity,Risk Parity,2023-12-01,40,MS,equity,0.0136193106458723
Combined Risk Parity,Risk Parity,2023-12-01,41,NKE,equity,0.0135582433142617
Combined Risk Parity,Risk Parity,2023-12-01,42,INTC,equity,0.0131177603957044
Combined Risk Parity,Risk Parity,2023-12-01,43,TRX-USD,cryptocurrency,0.0130200781812557
Combined Risk Parity,Risk Parity,2023-12-01,44,MMM,equity,0.0129518672049163
Combined Risk Parity,Risk Parity,2023-12-01,45,ADBE,equity,0.0125983498201275
Combined Risk Parity,Risk Parity,2023-12-01,46,BTC-USD,cryptocurrency,0.0124640938811486
Combined Risk Parity,Risk Parity,2023-12-01,47,PLD,equity,0.0123831832496111
Combined Risk Parity,Risk Parity,2023-12-01,48,AMD,equity,0.0123718591437267
Combined Risk Parity,Risk Parity,2023-12-01,49,NVDA,equity,0.0118537492299486
Combined Risk Parity,Risk Parity,2023-12-01,50,NUE,equity,0.0115214340714695
Combined Risk Parity,Risk Parity,2023-12-01,51,QCOM,equity,0.0111191005241087
Combined Risk Parity,Risk Parity,2023-12-01,52,ETH-USD,cryptocurrency,0.0109391503977464
Combined Risk Parity,Risk Parity,2023-12-01,53,USB,equity,0.0091658368187615
Combined Risk Parity,Risk Parity,2023-12-01,54,BCH-USD,cryptocurrency,0.0089074086679727
Combined Risk Parity,Risk Parity,2023-12-01,55,LTC-USD,cryptocurrency,0.0085348819502103
Combined Risk Parity,Risk Parity,2023-12-01,56,EOS-USD,cryptocurrency,0.008212936751163
Combined Risk Parity,Risk Parity,2023-12-01,57,ADA-USD,cryptocurrency,0.0079246566283361
Combined Risk Parity,Risk Parity,2023-12-01,58,ETC-USD,cryptocurrency,0.007116592024303
Combined Risk Parity,Risk Parity,2023-12-01,59,XLM-USD,cryptocurrency,0.0069338417563614
Combined Risk Parity,Risk Parity,2023-12-01,60,XRP-USD,cryptocurrency,0.0068065085426475
Cryptocurrency Equal Weight,Equal Weight,2023-12-01,1,ADA-USD,cryptocurrency,0.1
Cryptocurrency Equal Weight,Equal Weight,2023-12-01,2,BCH-USD,cryptocurrency,0.1
Cryptocurrency Equal Weight,Equal Weight,2023-12-01,3,BTC-USD,cryptocurrency,0.1
Cryptocurrency Equal Weight,Equal Weight,2023-12-01,4,EOS-USD,cryptocurrency,0.1
Cryptocurrency Equal Weight,Equal Weight,2023-12-01,5,ETC-USD,cryptocurrency,0.1
Cryptocurrency Equal Weight,Equal Weight,2023-12-01,6,ETH-USD,cryptocurrency,0.1
Cryptocurrency Equal Weight,Equal Weight,2023-12-01,7,LTC-USD,cryptocurrency,0.1
Cryptocurrency Equal Weight,Equal Weight,2023-12-01,8,TRX-USD,cryptocurrency,0.1
Cryptocurrency Equal Weight,Equal Weight,2023-12-01,9,XLM-USD,cryptocurrency,0.1
Cryptocurrency Equal Weight,Equal Weight,2023-12-01,10,XRP-USD,cryptocurrency,0.1
Cryptocurrency Minimum Variance,Minimum Variance,2023-12-01,1,TRX-USD,cryptocurrency,0.4874444761385846
Cryptocurrency Minimum Variance,Minimum Variance,2023-12-01,2,BTC-USD,cryptocurrency,0.4334143199760399
Cryptocurrency Minimum Variance,Minimum Variance,2023-12-01,3,ETH-USD,cryptocurrency,0.0791412038853755
Cryptocurrency Risk Parity,Risk Parity,2023-12-01,1,TRX-USD,cryptocurrency,0.1548948394056719
Cryptocurrency Risk Parity,Risk Parity,2023-12-01,2,BTC-USD,cryptocurrency,0.1329119500312767
Cryptocurrency Risk Parity,Risk Parity,2023-12-01,3,ETH-USD,cryptocurrency,0.1168612934167062
Cryptocurrency Risk Parity,Risk Parity,2023-12-01,4,EOS-USD,cryptocurrency,0.09106125924306
Cryptocurrency Risk Parity,Risk Parity,2023-12-01,5,BCH-USD,cryptocurrency,0.0900981036196561
Cryptocurrency Risk Parity,Risk Parity,2023-12-01,6,LTC-USD,cryptocurrency,0.0894429417626896
Cryptocurrency Risk Parity,Risk Parity,2023-12-01,7,ADA-USD,cryptocurrency,0.0884007381437499
Cryptocurrency Risk Parity,Risk Parity,2023-12-01,8,ETC-USD,cryptocurrency,0.0869522672549665
Cryptocurrency Risk Parity,Risk Parity,2023-12-01,9,XLM-USD,cryptocurrency,0.0766373092495604
Cryptocurrency Risk Parity,Risk Parity,2023-12-01,10,XRP-USD,cryptocurrency,0.0727392978726623
Equity Equal Weight,Equal Weight,2023-12-01,1,ABBV,equity,0.02
Equity Equal Weight,Equal Weight,2023-12-01,2,ABT,equity,0.02
Equity Equal Weight,Equal Weight,2023-12-01,3,ADBE,equity,0.02
Equity Equal Weight,Equal Weight,2023-12-01,4,AEP,equity,0.02
Equity Equal Weight,Equal Weight,2023-12-01,5,AMD,equity,0.02
Equity Equal Weight,Equal Weight,2023-12-01,6,AMGN,equity,0.02
Equity Equal Weight,Equal Weight,2023-12-01,7,AMT,equity,0.02
Equity Equal Weight,Equal Weight,2023-12-01,8,BA,equity,0.02
Equity Equal Weight,Equal Weight,2023-12-01,9,CAT,equity,0.02
Equity Equal Weight,Equal Weight,2023-12-01,10,CCI,equity,0.02
Equity Equal Weight,Equal Weight,2023-12-01,11,CMCSA,equity,0.02
Equity Equal Weight,Equal Weight,2023-12-01,12,COP,equity,0.02
Equity Equal Weight,Equal Weight,2023-12-01,13,CVX,equity,0.02
Equity Equal Weight,Equal Weight,2023-12-01,14,D,equity,0.02
Equity Equal Weight,Equal Weight,2023-12-01,15,DD,equity,0.02
Equity Equal Weight,Equal Weight,2023-12-01,16,DIS,equity,0.02
Equity Equal Weight,Equal Weight,2023-12-01,17,DOW,equity,0.02
Equity Equal Weight,Equal Weight,2023-12-01,18,DUK,equity,0.02
Equity Equal Weight,Equal Weight,2023-12-01,19,EA,equity,0.02
Equity Equal Weight,Equal Weight,2023-12-01,20,GE,equity,0.02
Equity Equal Weight,Equal Weight,2023-12-01,21,GILD,equity,0.02
Equity Equal Weight,Equal Weight,2023-12-01,22,GS,equity,0.02
Equity Equal Weight,Equal Weight,2023-12-01,23,INTC,equity,0.02
Equity Equal Weight,Equal Weight,2023-12-01,24,KO,equity,0.02
Equity Equal Weight,Equal Weight,2023-12-01,25,MMM,equity,0.02
Equity Equal Weight,Equal Weight,2023-12-01,26,MRK,equity,0.02
Equity Equal Weight,Equal Weight,2023-12-01,27,MS,equity,0.02
Equity Equal Weight,Equal Weight,2023-12-01,28,NEE,equity,0.02
Equity Equal Weight,Equal Weight,2023-12-01,29,NEM,equity,0.02
Equity Equal Weight,Equal Weight,2023-12-01,30,NKE,equity,0.02
Equity Equal Weight,Equal Weight,2023-12-01,31,NUE,equity,0.02
Equity Equal Weight,Equal Weight,2023-12-01,32,NVDA,equity,0.02
Equity Equal Weight,Equal Weight,2023-12-01,33,O,equity,0.02
Equity Equal Weight,Equal Weight,2023-12-01,34,OXY,equity,0.02
Equity Equal Weight,Equal Weight,2023-12-01,35,PLD,equity,0.02
Equity Equal Weight,Equal Weight,2023-12-01,36,PSA,equity,0.02
Equity Equal Weight,Equal Weight,2023-12-01,37,QCOM,equity,0.02
Equity Equal Weight,Equal Weight,2023-12-01,38,SBUX,equity,0.02
Equity Equal Weight,Equal Weight,2023-12-01,39,SHW,equity,0.02
Equity Equal Weight,Equal Weight,2023-12-01,40,SLB,equity,0.02
Equity Equal Weight,Equal Weight,2023-12-01,41,SO,equity,0.02
Equity Equal Weight,Equal Weight,2023-12-01,42,T,equity,0.02
Equity Equal Weight,Equal Weight,2023-12-01,43,TMUS,equity,0.02
Equity Equal Weight,Equal Weight,2023-12-01,44,TTWO,equity,0.02
Equity Equal Weight,Equal Weight,2023-12-01,45,UPS,equity,0.02
Equity Equal Weight,Equal Weight,2023-12-01,46,USB,equity,0.02
Equity Equal Weight,Equal Weight,2023-12-01,47,V,equity,0.02
Equity Equal Weight,Equal Weight,2023-12-01,48,WFC,equity,0.02
Equity Equal Weight,Equal Weight,2023-12-01,49,WMT,equity,0.02
Equity Equal Weight,Equal Weight,2023-12-01,50,XOM,equity,0.02
Equity Minimum Variance,Minimum Variance,2023-12-01,1,KO,equity,0.1827091736839204
Equity Minimum Variance,Minimum Variance,2023-12-01,2,WMT,equity,0.1735416023145955
Equity Minimum Variance,Minimum Variance,2023-12-01,3,MRK,equity,0.1010687535324238
Equity Minimum Variance,Minimum Variance,2023-12-01,4,ABBV,equity,0.085400518987455
Equity Minimum Variance,Minimum Variance,2023-12-01,5,O,equity,0.0795708819039456
Equity Minimum Variance,Minimum Variance,2023-12-01,6,V,equity,0.0791519348962853
Equity Minimum Variance,Minimum Variance,2023-12-01,7,TMUS,equity,0.0650423335297684
Equity Minimum Variance,Minimum Variance,2023-12-01,8,EA,equity,0.0431958478752601
Equity Minimum Variance,Minimum Variance,2023-12-01,9,T,equity,0.0348957735742404
Equity Minimum Variance,Minimum Variance,2023-12-01,10,CVX,equity,0.0272304384402111
Equity Minimum Variance,Minimum Variance,2023-12-01,11,OXY,equity,0.0258916394204384
Equity Minimum Variance,Minimum Variance,2023-12-01,12,ABT,equity,0.0229079871587204
Equity Minimum Variance,Minimum Variance,2023-12-01,13,AMGN,equity,0.0141032924024774
Equity Minimum Variance,Minimum Variance,2023-12-01,14,GE,equity,0.0130534018268492
Equity Minimum Variance,Minimum Variance,2023-12-01,15,NVDA,equity,0.0115131749642801
Equity Minimum Variance,Minimum Variance,2023-12-01,16,NEM,equity,0.0108887649510106
Equity Minimum Variance,Minimum Variance,2023-12-01,17,AMD,equity,0.0092924808855106
Equity Minimum Variance,Minimum Variance,2023-12-01,18,DD,equity,0.0092272768869584
Equity Minimum Variance,Minimum Variance,2023-12-01,19,DUK,equity,0.0079752070181761
Equity Minimum Variance,Minimum Variance,2023-12-01,20,INTC,equity,0.0027368362798192
Equity Minimum Variance,Minimum Variance,2023-12-01,21,DOW,equity,0.0006026794676532
Equity Risk Parity,Risk Parity,2023-12-01,1,MRK,equity,0.0414133441303448
Equity Risk Parity,Risk Parity,2023-12-01,2,ABBV,equity,0.0388020144005978
Equity Risk Parity,Risk Parity,2023-12-01,3,WMT,equity,0.0381005695725693
Equity Risk Parity,Risk Parity,2023-12-01,4,TMUS,equity,0.0344869868673276
Equity Risk Parity,Risk Parity,2023-12-01,5,KO,equity,0.0344810768089332
Equity Risk Parity,Risk Parity,2023-12-01,6,AMGN,equity,0.0271236754245444
Equity Risk Parity,Risk Parity,2023-12-01,7,GILD,equity,0.025938731589085
Equity Risk Parity,Risk Parity,2023-12-01,8,ABT,equity,0.0250218851361372
Equity Risk Parity,Risk Parity,2023-12-01,9,DUK,equity,0.024711532167295
Equity Risk Parity,Risk Parity,2023-12-01,10,T,equity,0.0247046396975911
Equity Risk Parity,Risk Parity,2023-12-01,11,V,equity,0.0239885909244187
Equity Risk Parity,Risk Parity,2023-12-01,12,EA,equity,0.023710211131996
Equity Risk Parity,Risk Parity,2023-12-01,13,SO,equity,0.0233509418850615
Equity Risk Parity,Risk Parity,2023-12-01,14,O,equity,0.0222264904049292
Equity Risk Parity,Risk Parity,2023-12-01,15,AEP,equity,0.0209359176924973
Equity Risk Parity,Risk Parity,2023-12-01,16,CVX,equity,0.020624050571937
Equity Risk Parity,Risk Parity,2023-12-01,17,NEM,equity,0.02026948509246
Equity Risk Parity,Risk Parity,2023-12-01,18,XOM,equity,0.0201171544081162
Equity Risk Parity,Risk Parity,2023-12-01,19,D,equity,0.019505101658336
Equity Risk Parity,Risk Parity,2023-12-01,20,PSA,equity,0.0194580622091273
Equity Risk Parity,Risk Parity,2023-12-01,21,GE,equity,0.0193920205791954
Equity Risk Parity,Risk Parity,2023-12-01,22,CMCSA,equity,0.0185608584515442
Equity Risk Parity,Risk Parity,2023-12-01,23,OXY,equity,0.0181231663114548
Equity Risk Parity,Risk Parity,2023-12-01,24,NEE,equity,0.017970648067097
Equity Risk Parity,Risk Parity,2023-12-01,25,SBUX,equity,0.0176630861979756
Equity Risk Parity,Risk Parity,2023-12-01,26,TTWO,equity,0.0174524882289746
Equity Risk Parity,Risk Parity,2023-12-01,27,COP,equity,0.0169877778908401
Equity Risk Parity,Risk Parity,2023-12-01,28,DOW,equity,0.0168117921269946
Equity Risk Parity,Risk Parity,2023-12-01,29,SHW,equity,0.0166403116496922
Equity Risk Parity,Risk Parity,2023-12-01,30,GS,equity,0.0165157590202034
Equity Risk Parity,Risk Parity,2023-12-01,31,UPS,equity,0.0164774009854813
Equity Risk Parity,Risk Parity,2023-12-01,32,DD,equity,0.016342727275238
Equity Risk Parity,Risk Parity,2023-12-01,33,DIS,equity,0.0159657534271817
Equity Risk Parity,Risk Parity,2023-12-01,34,WFC,equity,0.0158205061192524
Equity Risk Parity,Risk Parity,2023-12-01,35,AMT,equity,0.0157689199206662
Equity Risk Parity,Risk Parity,2023-12-01,36,BA,equity,0.0157345361862657
Equity Risk Parity,Risk Parity,2023-12-01,37,CAT,equity,0.0156999612857498
Equity Risk Parity,Risk Parity,2023-12-01,38,SLB,equity,0.0155982951121938
Equity Risk Parity,Risk Parity,2023-12-01,39,CCI,equity,0.0152831703823786
Equity Risk Parity,Risk Parity,2023-12-01,40,NKE,equity,0.0152620622531075
Equity Risk Parity,Risk Parity,2023-12-01,41,MS,equity,0.0152026131106325
Equity Risk Parity,Risk Parity,2023-12-01,42,INTC,equity,0.0146891081303403
Equity Risk Parity,Risk Parity,2023-12-01,43,MMM,equity,0.0146253160420106
Equity Risk Parity,Risk Parity,2023-12-01,44,AMD,equity,0.0143783158700273
Equity Risk Parity,Risk Parity,2023-12-01,45,ADBE,equity,0.0143458701273837
Equity Risk Parity,Risk Parity,2023-12-01,46,NVDA,equity,0.0139468778397347
Equity Risk Parity,Risk Parity,2023-12-01,47,PLD,equity,0.0135614447258663
Equity Risk Parity,Risk Parity,2023-12-01,48,NUE,equity,0.0130768717743221
Equity Risk Parity,Risk Parity,2023-12-01,49,QCOM,equity,0.0128371080666451
Equity Risk Parity,Risk Parity,2023-12-01,50,USB,equity,0.0102947710682436
