rebalance_date,strategy_name,variant,uses_sentiment,tilt_strength,initial_establishment,one_way_turnover,two_way_turnover,turnover_definition
2021-01-04,Equity Equal Weight,Base,False,0.0,True,,,one-way turnover = 0.5 * sum(abs(target weight - pre-trade drifted weight)); initial portfolio establishment excluded
2021-01-04,Equity Equal Weight + Sector Sentiment,Sentiment fusion,True,0.5,True,,,one-way turnover = 0.5 * sum(abs(target weight - pre-trade drifted weight)); initial portfolio establishment excluded
2021-02-01,Equity Equal Weight,Base,False,0.0,False,0.025333838004933648,0.050667676009867296,one-way turnover = 0.5 * sum(abs(target weight - pre-trade drifted weight)); initial portfolio establishment excluded
2021-02-01,Equity Equal Weight + Sector Sentiment,Sentiment fusion,True,0.5,False,0.041009873295750746,0.08201974659150149,one-way turnover = 0.5 * sum(abs(target weight - pre-trade drifted weight)); initial portfolio establishment excluded
2021-03-01,Equity Equal Weight,Base,False,0.0,False,0.048080909566088764,0.09616181913217753,one-way turnover = 0.5 * sum(abs(target weight - pre-trade drifted weight)); initial portfolio establishment excluded
2021-03-01,Equity Equal Weight + Sector Sentiment,Sentiment fusion,True,0.5,False,0.044137782337462635,0.08827556467492527,one-way turnover = 0.5 * sum(abs(target weight - pre-trade drifted weight)); initial portfolio establishment excluded
2021-04-01,Equity Equal Weight,Base,False,0.0,False,0.02334629231451527,0.04669258462903054,one-way turnover = 0.5 * sum(abs(target weight - pre-trade drifted weight)); initial portfolio establishment excluded
2021-04-01,Equity Equal Weight + Sector Sentiment,Sentiment fusion,True,0.5,False,0.032721814206813166,0.06544362841362633,one-way turnover = 0.5 * sum(abs(target weight - pre-trade drifted weight)); initial portfolio establishment excluded
2021-05-03,Equity Equal Weight,Base,False,0.0,False,0.021274224268830265,0.04254844853766053,one-way turnover = 0.5 * sum(abs(target weight - pre-trade drifted weight)); initial portfolio establishment excluded
2021-05-03,Equity Equal Weight + Sector Sentiment,Sentiment fusion,True,0.5,False,0.034107457052487924,0.06821491410497585,one-way turnover = 0.5 * sum(abs(target weight - pre-trade drifted weight)); initial portfolio establishment excluded
2021-06-01,Equity Equal Weight,Base,False,0.0,False,0.02092425387593157,0.04184850775186314,one-way turnover = 0.5 * sum(abs(target weight - pre-trade drifted weight)); initial portfolio establishment excluded
2021-06-01,Equity Equal Weight + Sector Sentiment,Sentiment fusion,True,0.5,False,0.033965994576115675,0.06793198915223135,one-way turnover = 0.5 * sum(abs(target weight - pre-trade drifted weight)); initial portfolio establishment excluded
2021-07-01,Equity Equal Weight,Base,False,0.0,False,0.02667405773322292,0.05334811546644584,one-way turnover = 0.5 * sum(abs(target weight - pre-trade drifted weight)); initial portfolio establishment excluded
2021-07-01,Equity Equal Weight + Sector Sentiment,Sentiment fusion,True,0.5,False,0.04136561147876572,0.08273122295753144,one-way turnover = 0.5 * sum(abs(target weight - pre-trade drifted weight)); initial portfolio establishment excluded
2021-08-02,Equity Equal Weight,Base,False,0.0,False,0.022290182207067667,0.044580364414135334,one-way turnover = 0.5 * sum(abs(target weight - pre-trade drifted weight)); initial portfolio establishment excluded
2021-08-02,Equity Equal Weight + Sector Sentiment,Sentiment fusion,True,0.5,False,0.04396726489221524,0.08793452978443048,one-way turnover = 0.5 * sum(abs(target weight - pre-trade drifted weight)); initial portfolio establishment excluded
2021-09-01,Equity Equal Weight,Base,False,0.0,False,0.018564143772417666,0.03712828754483533,one-way turnover = 0.5 * sum(abs(target weight - pre-trade drifted weight)); initial portfolio establishment excluded
2021-09-01,Equity Equal Weight + Sector Sentiment,Sentiment fusion,True,0.5,False,0.040902394776114966,0.08180478955222993,one-way turnover = 0.5 * sum(abs(target weight - pre-trade drifted weight)); initial portfolio establishment excluded
2021-10-01,Equity Equal Weight,Base,False,0.0,False,0.024861097677564545,0.04972219535512909,one-way turnover = 0.5 * sum(abs(target weight - pre-trade drifted weight)); initial portfolio establishment excluded
2021-10-01,Equity Equal Weight + Sector Sentiment,Sentiment fusion,True,0.5,False,0.040759537504311986,0.08151907500862397,one-way turnover = 0.5 * sum(abs(target weight - pre-trade drifted weight)); initial portfolio establishment excluded
2021-11-01,Equity Equal Weight,Base,False,0.0,False,0.030892860165321348,0.061785720330642696,one-way turnover = 0.5 * sum(abs(target weight - pre-trade drifted weight)); initial portfolio establishment excluded
2021-11-01,Equity Equal Weight + Sector Sentiment,Sentiment fusion,True,0.5,False,0.049887823899790545,0.09977564779958109,one-way turnover = 0.5 * sum(abs(target weight - pre-trade drifted weight)); initial portfolio establishment excluded
2021-12-01,Equity Equal Weight,Base,False,0.0,False,0.03273590616817381,0.06547181233634762,one-way turnover = 0.5 * sum(abs(target weight - pre-trade drifted weight)); initial portfolio establishment excluded
2021-12-01,Equity Equal Weight + Sector Sentiment,Sentiment fusion,True,0.5,False,0.04403233471525905,0.0880646694305181,one-way turnover = 0.5 * sum(abs(target weight - pre-trade drifted weight)); initial portfolio establishment excluded
2022-01-03,Equity Equal Weight,Base,False,0.0,False,0.022483032262101882,0.044966064524203764,one-way turnover = 0.5 * sum(abs(target weight - pre-trade drifted weight)); initial portfolio establishment excluded
2022-01-03,Equity Equal Weight + Sector Sentiment,Sentiment fusion,True,0.5,False,0.04542854681890075,0.0908570936378015,one-way turnover = 0.5 * sum(abs(target weight - pre-trade drifted weight)); initial portfolio establishment excluded
2022-02-01,Equity Equal Weight,Base,False,0.0,False,0.040883125538087,0.081766251076174,one-way turnover = 0.5 * sum(abs(target weight - pre-trade drifted weight)); initial portfolio establishment excluded
2022-02-01,Equity Equal Weight + Sector Sentiment,Sentiment fusion,True,0.5,False,0.057827256722027064,0.11565451344405413,one-way turnover = 0.5 * sum(abs(target weight - pre-trade drifted weight)); initial portfolio establishment excluded
2022-03-01,Equity Equal Weight,Base,False,0.0,False,0.028415889189891498,0.056831778379782996,one-way turnover = 0.5 * sum(abs(target weight - pre-trade drifted weight)); initial portfolio establishment excluded
2022-03-01,Equity Equal Weight + Sector Sentiment,Sentiment fusion,True,0.5,False,0.03728532020084338,0.07457064040168676,one-way turnover = 0.5 * sum(abs(target weight - pre-trade drifted weight)); initial portfolio establishment excluded
2022-04-01,Equity Equal Weight,Base,False,0.0,False,0.03348463276404172,0.06696926552808344,one-way turnover = 0.5 * sum(abs(target weight - pre-trade drifted weight)); initial portfolio establishment excluded
2022-04-01,Equity Equal Weight + Sector Sentiment,Sentiment fusion,True,0.5,False,0.03828588239459818,0.07657176478919636,one-way turnover = 0.5 * sum(abs(target weight - pre-trade drifted weight)); initial portfolio establishment excluded
2022-05-02,Equity Equal Weight,Base,False,0.0,False,0.036011266897346926,0.07202253379469385,one-way turnover = 0.5 * sum(abs(target weight - pre-trade drifted weight)); initial portfolio establishment excluded
2022-05-02,Equity Equal Weight + Sector Sentiment,Sentiment fusion,True,0.5,False,0.049352696110624344,0.09870539222124869,one-way turnover = 0.5 * sum(abs(target weight - pre-trade drifted weight)); initial portfolio establishment excluded
2022-06-01,Equity Equal Weight,Base,False,0.0,False,0.029982873992492786,0.05996574798498557,one-way turnover = 0.5 * sum(abs(target weight - pre-trade drifted weight)); initial portfolio establishment excluded
2022-06-01,Equity Equal Weight + Sector Sentiment,Sentiment fusion,True,0.5,False,0.03844376307655604,0.07688752615311208,one-way turnover = 0.5 * sum(abs(target weight - pre-trade drifted weight)); initial portfolio establishment excluded
2022-07-01,Equity Equal Weight,Base,False,0.0,False,0.035731082777456694,0.07146216555491339,one-way turnover = 0.5 * sum(abs(target weight - pre-trade drifted weight)); initial portfolio establishment excluded
2022-07-01,Equity Equal Weight + Sector Sentiment,Sentiment fusion,True,0.5,False,0.04000574514840582,0.08001149029681164,one-way turnover = 0.5 * sum(abs(target weight - pre-trade drifted weight)); initial portfolio establishment excluded
2022-08-01,Equity Equal Weight,Base,False,0.0,False,0.027947302729232255,0.05589460545846451,one-way turnover = 0.5 * sum(abs(target weight - pre-trade drifted weight)); initial portfolio establishment excluded
2022-08-01,Equity Equal Weight + Sector Sentiment,Sentiment fusion,True,0.5,False,0.03971129622736667,0.07942259245473333,one-way turnover = 0.5 * sum(abs(target weight - pre-trade drifted weight)); initial portfolio establishment excluded
2022-09-01,Equity Equal Weight,Base,False,0.0,False,0.021912206328306094,0.04382441265661219,one-way turnover = 0.5 * sum(abs(target weight - pre-trade drifted weight)); initial portfolio establishment excluded
2022-09-01,Equity Equal Weight + Sector Sentiment,Sentiment fusion,True,0.5,False,0.02583261267192128,0.05166522534384256,one-way turnover = 0.5 * sum(abs(target weight - pre-trade drifted weight)); initial portfolio establishment excluded
2022-10-03,Equity Equal Weight,Base,False,0.0,False,0.02885178076375974,0.05770356152751948,one-way turnover = 0.5 * sum(abs(target weight - pre-trade drifted weight)); initial portfolio establishment excluded
2022-10-03,Equity Equal Weight + Sector Sentiment,Sentiment fusion,True,0.5,False,0.03485214525302297,0.06970429050604594,one-way turnover = 0.5 * sum(abs(target weight - pre-trade drifted weight)); initial portfolio establishment excluded
2022-11-01,Equity Equal Weight,Base,False,0.0,False,0.035976418248330554,0.07195283649666111,one-way turnover = 0.5 * sum(abs(target weight - pre-trade drifted weight)); initial portfolio establishment excluded
2022-11-01,Equity Equal Weight + Sector Sentiment,Sentiment fusion,True,0.5,False,0.058061704974537325,0.11612340994907465,one-way turnover = 0.5 * sum(abs(target weight - pre-trade drifted weight)); initial portfolio establishment excluded
2022-12-01,Equity Equal Weight,Base,False,0.0,False,0.028513568246996975,0.05702713649399395,one-way turnover = 0.5 * sum(abs(target weight - pre-trade drifted weight)); initial portfolio establishment excluded
2022-12-01,Equity Equal Weight + Sector Sentiment,Sentiment fusion,True,0.5,False,0.04210926844710884,0.08421853689421768,one-way turnover = 0.5 * sum(abs(target weight - pre-trade drifted weight)); initial portfolio establishment excluded
2023-01-03,Equity Equal Weight,Base,False,0.0,False,0.022242937945455458,0.044485875890910916,one-way turnover = 0.5 * sum(abs(target weight - pre-trade drifted weight)); initial portfolio establishment excluded
2023-01-03,Equity Equal Weight + Sector Sentiment,Sentiment fusion,True,0.5,False,0.03492777207301952,0.06985554414603903,one-way turnover = 0.5 * sum(abs(target weight - pre-trade drifted weight)); initial portfolio establishment excluded
2023-02-01,Equity Equal Weight,Base,False,0.0,False,0.03226719250383653,0.06453438500767306,one-way turnover = 0.5 * sum(abs(target weight - pre-trade drifted weight)); initial portfolio establishment excluded
2023-02-01,Equity Equal Weight + Sector Sentiment,Sentiment fusion,True,0.5,False,0.03753171307551645,0.0750634261510329,one-way turnover = 0.5 * sum(abs(target weight - pre-trade drifted weight)); initial portfolio establishment excluded
2023-03-01,Equity Equal Weight,Base,False,0.0,False,0.02025530215394363,0.04051060430788726,one-way turnover = 0.5 * sum(abs(target weight - pre-trade drifted weight)); initial portfolio establishment excluded
2023-03-01,Equity Equal Weight + Sector Sentiment,Sentiment fusion,True,0.5,False,0.031213542112564743,0.062427084225129485,one-way turnover = 0.5 * sum(abs(target weight - pre-trade drifted weight)); initial portfolio establishment excluded
2023-04-03,Equity Equal Weight,Base,False,0.0,False,0.028673054808548763,0.057346109617097525,one-way turnover = 0.5 * sum(abs(target weight - pre-trade drifted weight)); initial portfolio establishment excluded
2023-04-03,Equity Equal Weight + Sector Sentiment,Sentiment fusion,True,0.5,False,0.04817598520252656,0.09635197040505313,one-way turnover = 0.5 * sum(abs(target weight - pre-trade drifted weight)); initial portfolio establishment excluded
2023-05-01,Equity Equal Weight,Base,False,0.0,False,0.019335278615591082,0.038670557231182165,one-way turnover = 0.5 * sum(abs(target weight - pre-trade drifted weight)); initial portfolio establishment excluded
2023-05-01,Equity Equal Weight + Sector Sentiment,Sentiment fusion,True,0.5,False,0.03377379469017117,0.06754758938034235,one-way turnover = 0.5 * sum(abs(target weight - pre-trade drifted weight)); initial portfolio establishment excluded
2023-06-01,Equity Equal Weight,Base,False,0.0,False,0.031073954582808167,0.062147909165616334,one-way turnover = 0.5 * sum(abs(target weight - pre-trade drifted weight)); initial portfolio establishment excluded
2023-06-01,Equity Equal Weight + Sector Sentiment,Sentiment fusion,True,0.5,False,0.03795270807759507,0.07590541615519014,one-way turnover = 0.5 * sum(abs(target weight - pre-trade drifted weight)); initial portfolio establishment excluded
2023-07-03,Equity Equal Weight,Base,False,0.0,False,0.019012056781482843,0.038024113562965686,one-way turnover = 0.5 * sum(abs(target weight - pre-trade drifted weight)); initial portfolio establishment excluded
2023-07-03,Equity Equal Weight + Sector Sentiment,Sentiment fusion,True,0.5,False,0.027376943403892184,0.05475388680778437,one-way turnover = 0.5 * sum(abs(target weight - pre-trade drifted weight)); initial portfolio establishment excluded
2023-08-01,Equity Equal Weight,Base,False,0.0,False,0.02208908893646035,0.0441781778729207,one-way turnover = 0.5 * sum(abs(target weight - pre-trade drifted weight)); initial portfolio establishment excluded
2023-08-01,Equity Equal Weight + Sector Sentiment,Sentiment fusion,True,0.5,False,0.029723411907645686,0.05944682381529137,one-way turnover = 0.5 * sum(abs(target weight - pre-trade drifted weight)); initial portfolio establishment excluded
2023-09-01,Equity Equal Weight,Base,False,0.0,False,0.021630116488075425,0.04326023297615085,one-way turnover = 0.5 * sum(abs(target weight - pre-trade drifted weight)); initial portfolio establishment excluded
2023-09-01,Equity Equal Weight + Sector Sentiment,Sentiment fusion,True,0.5,False,0.03751466773690791,0.07502933547381582,one-way turnover = 0.5 * sum(abs(target weight - pre-trade drifted weight)); initial portfolio establishment excluded
2023-10-02,Equity Equal Weight,Base,False,0.0,False,0.019764388141731093,0.039528776283462186,one-way turnover = 0.5 * sum(abs(target weight - pre-trade drifted weight)); initial portfolio establishment excluded
2023-10-02,Equity Equal Weight + Sector Sentiment,Sentiment fusion,True,0.5,False,0.03340415498341304,0.06680830996682607,one-way turnover = 0.5 * sum(abs(target weight - pre-trade drifted weight)); initial portfolio establishment excluded
2023-11-01,Equity Equal Weight,Base,False,0.0,False,0.022386155925351224,0.04477231185070245,one-way turnover = 0.5 * sum(abs(target weight - pre-trade drifted weight)); initial portfolio establishment excluded
2023-11-01,Equity Equal Weight + Sector Sentiment,Sentiment fusion,True,0.5,False,0.032706614808611784,0.06541322961722357,one-way turnover = 0.5 * sum(abs(target weight - pre-trade drifted weight)); initial portfolio establishment excluded
2023-12-01,Equity Equal Weight,Base,False,0.0,False,0.029474394557912058,0.058948789115824116,one-way turnover = 0.5 * sum(abs(target weight - pre-trade drifted weight)); initial portfolio establishment excluded
2023-12-01,Equity Equal Weight + Sector Sentiment,Sentiment fusion,True,0.5,False,0.040491677684112284,0.08098335536822457,one-way turnover = 0.5 * sum(abs(target weight - pre-trade drifted weight)); initial portfolio establishment excluded
